company_name,company_url
Sitefire,https://sitefire.ai
Codes Health,https://codeshealth.com
Auctor,https://auctor.app
Explo,https://www.explo.co
Awesomic,https://awesomic.com
AssemblyAI,https://www.assemblyai.com
Continue.dev,https://continue.dev
Mintlify,https://mintlify.com
Langfuse,https://langfuse.com
Humanloop,https://humanloop.com
Tavus,https://www.tavus.io
Clay,https://www.clay.run
Reworkd,https://reworkd.ai
Adept AI,https://www.adept.ai
Cognosys,https://www.cognosys.ai
Sweep AI,https://sweep.dev
Fixie AI,https://fixie.ai
Trigger.dev,https://trigger.dev
AirOps,https://www.airops.com
Baseten,https://baseten.co
Railway,https://railway.app
Render,https://render.com
Fly.io,https://fly.io
Modal Labs,https://modal.com
Depot.dev,https://depot.dev
Encore.dev,https://encore.dev
Convex,https://convex.dev
Neon.tech,https://neon.tech
Jeeves,https://www.tryjeeves.com
Sequence,https://sequencehq.com
Unit,https://unit.co
PayMongo,https://paymongo.com
Contra,https://contra.com
Braintrust,https://www.usebraintrust.com
Arc.dev,https://arc.dev
yhangry,https://www.yhangry.com
Humaans,https://humaans.io
Luma,https://lu.ma
Partiful,https://partiful.com
Finary,https://finary.com
Captions AI,https://www.captions.ai
Opal Camera,https://opalcamera.com
Levels Health,https://www.levelshealth.com
Rork,https://rork.app
